subject,func,mean_fd,max_fd,median_fd
100206,rfMRI_REST1_LR,0.0999080525,0.404776,0.0937165
100307,rfMRI_REST1_LR,0.12043587083333333,0.358004,0.114448
100408,rfMRI_REST1_LR,0.19800789833333332,0.816808,0.180647
100610,rfMRI_REST1_LR,0.16261744083333332,0.564066,0.15079150000000002
101006,rfMRI_REST1_LR,0.17381876,0.48536,0.1659235
101107,rfMRI_REST1_LR,0.33088346,22.891267,0.1203135
101309,rfMRI_REST1_LR,0.12014018583333333,0.774323,0.1092965
101410,rfMRI_REST1_LR,0.17700182333333334,0.507448,0.16663450000000002
101915,rfMRI_REST1_LR,0.18152242083333334,1.015542,0.16578199999999998
102008,rfMRI_REST1_LR,0.21309183333333334,1.047961,0.1801015
102109,rfMRI_REST1_LR,0.1085484825,0.311714,0.09972
102311,rfMRI_REST1_LR,0.16280585666666667,1.000804,0.1395015
102513,rfMRI_REST1_LR,0.09897519583333333,0.563113,0.090719
102614,rfMRI_REST1_LR,0.0828366475,0.234931,0.0771755
102715,rfMRI_REST1_LR,0.1577180825,0.405246,0.14698699999999998
102816,rfMRI_REST1_LR,0.27678585083333335,6.842255,0.1954325
103010,rfMRI_REST1_LR,0.17463009166666665,0.53243,0.16192800000000002
103111,rfMRI_REST1_LR,0.15377276166666667,2.062834,0.14677849999999998
103212,rfMRI_REST1_LR,0.22042888666666666,1.263349,0.178738
103414,rfMRI_REST1_LR,0.1350829,0.396816,0.12626199999999999
103515,rfMRI_REST1_LR,0.21815040666666666,7.455259,0.188317
103818,rfMRI_REST1_LR,0.18853716166666667,0.859303,0.1754945
104012,rfMRI_REST1_LR,0.159151835,0.381748,0.1513195
104416,rfMRI_REST1_LR,0.0855497025,0.292296,0.079817
104820,rfMRI_REST1_LR,0.3743137616666667,1.164667,0.35011349999999997
105014,rfMRI_REST1_LR,0.13353585666666667,0.492304,0.1191535
105115,rfMRI_REST1_LR,0.12287109416666667,0.669292,0.111089
105216,rfMRI_REST1_LR,0.10113962,0.466843,0.0949695
105620,rfMRI_REST1_LR,0.08395839666666667,1.030399,0.0777395
105923,rfMRI_REST1_LR,0.12466767416666667,0.419467,0.1121225
106016,rfMRI_REST1_LR,0.16204486333333334,0.582146,0.1459275
106319,rfMRI_REST1_LR,0.18519226916666667,0.847692,0.168746
106521,rfMRI_REST1_LR,0.1403626275,0.405233,0.134983
106824,rfMRI_REST1_LR,0.10270052083333334,1.414048,0.084874
107018,rfMRI_REST1_LR,0.1448463125,0.476607,0.14280900000000002
107220,rfMRI_REST1_LR,0.2505290683333333,0.973843,0.22500799999999999
107321,rfMRI_REST1_LR,0.13083347833333334,0.33528,0.12811050000000002
107422,rfMRI_REST1_LR,0.11924169416666666,1.021793,0.106214
107725,rfMRI_REST1_LR,0.220179655,1.249432,0.19696750000000002
108020,rfMRI_REST1_LR,0.166274605,1.113807,0.136536
108121,rfMRI_REST1_LR,0.2341725075,0.759285,0.2157195
108222,rfMRI_REST1_LR,0.12738618333333335,0.778443,0.111378
108323,rfMRI_REST1_LR,0.12433489,1.124553,0.107565
108525,rfMRI_REST1_LR,0.1380455375,0.672944,0.12925399999999998
108828,rfMRI_REST1_LR,0.2174989825,0.788741,0.193515
109123,rfMRI_REST1_LR,0.24320145916666666,1.552035,0.2147675
109325,rfMRI_REST1_LR,0.223547445,0.743371,0.22553499999999999
109830,rfMRI_REST1_LR,0.15447117666666665,0.664451,0.142028
110007,rfMRI_REST1_LR,0.1816360975,0.784299,0.1706535
110411,rfMRI_REST1_LR,0.134919015,2.019566,0.0918725
110613,rfMRI_REST1_LR,0.14217978083333332,0.832154,0.1323405
111009,rfMRI_REST1_LR,0.1932609575,0.436405,0.19491550000000002
111211,rfMRI_REST1_LR,0.21768928666666668,2.239555,0.192466
111312,rfMRI_REST1_LR,0.16270742916666667,0.759485,0.14731349999999999
111413,rfMRI_REST1_LR,0.1465068675,0.371683,0.14197900000000002
111514,rfMRI_REST1_LR,0.10317204583333334,0.296745,0.09659999999999999
111716,rfMRI_REST1_LR,0.17115190166666666,1.028665,0.15744550000000002
112112,rfMRI_REST1_LR,0.1279492525,0.616968,0.1114575
112314,rfMRI_REST1_LR,0.10245612666666666,0.352216,0.095188
112516,rfMRI_REST1_LR,0.149054495,0.672191,0.14522400000000002
112819,rfMRI_REST1_LR,0.10925589916666667,0.296058,0.1016685
112920,rfMRI_REST1_LR,0.14925431083333332,0.670578,0.132247
113215,rfMRI_REST1_LR,0.11777326333333334,0.955978,0.1020895
113316,rfMRI_REST1_LR,0.1541372475,0.393388,0.148131
113417,rfMRI_REST1_LR,0.188669915,0.523764,0.179841
113619,rfMRI_REST1_LR,0.15154904333333333,0.457317,0.14459149999999998
113821,rfMRI_REST1_LR,0.15763607,0.366424,0.1536585
113922,rfMRI_REST1_LR,0.18438738666666665,0.938029,0.1432935
114116,rfMRI_REST1_LR,0.11094970416666666,0.334265,0.108155
114217,rfMRI_REST1_LR,0.10035492583333333,1.252097,0.09256149999999999
114318,rfMRI_REST1_LR,0.12301414666666667,1.171145,0.1114725
114419,rfMRI_REST1_LR,0.20133760333333334,0.638866,0.186732
114621,rfMRI_REST1_LR,0.12540822333333335,1.167724,0.11155999999999999
114823,rfMRI_REST1_LR,0.11588456416666666,0.609786,0.10628499999999999
114924,rfMRI_REST1_LR,0.34420564416666666,1.260813,0.307264
115017,rfMRI_REST1_LR,0.21566559416666667,0.807216,0.21001350000000002
115219,rfMRI_REST1_LR,0.221561205,1.80396,0.1966465
115320,rfMRI_REST1_LR,0.20480956833333333,0.778356,0.19637700000000002
115724,rfMRI_REST1_LR,0.09228235416666666,0.242574,0.088166
115825,rfMRI_REST1_LR,0.14095425583333332,0.710545,0.12724200000000002
116221,rfMRI_REST1_LR,0.13765731,0.480533,0.115569
116423,rfMRI_REST1_LR,0.1303716225,0.511314,0.1215125
116524,rfMRI_REST1_LR,0.22633281666666666,2.196378,0.19157649999999998
116726,rfMRI_REST1_LR,0.13362363333333332,0.441288,0.1213505
117021,rfMRI_REST1_LR,0.147112755,0.461318,0.127777
117122,rfMRI_REST1_LR,0.18902946916666666,0.949945,0.1655615
117324,rfMRI_REST1_LR,0.13125443583333332,0.614634,0.1198685
117728,rfMRI_REST1_LR,0.2947666375,2.299792,0.275796
117930,rfMRI_REST1_LR,0.1554632175,1.255029,0.1488775
118023,rfMRI_REST1_LR,0.18770868416666667,0.694869,0.173622
118124,rfMRI_REST1_LR,0.15774152833333333,0.685412,0.1473575
118225,rfMRI_REST1_LR,0.106839865,0.738071,0.0997905
118528,rfMRI_REST1_LR,0.12748512583333332,0.530534,0.12397649999999999
118730,rfMRI_REST1_LR,0.1665447175,0.465168,0.1476055
118831,rfMRI_REST1_LR,0.160842555,1.314921,0.1335365
118932,rfMRI_REST1_LR,0.16910011,1.663354,0.1477565
119025,rfMRI_REST1_LR,0.13611833166666668,1.986797,0.1131365
119126,rfMRI_REST1_LR,0.12625459083333335,0.35001,0.11840149999999999
119732,rfMRI_REST1_LR,0.14526383666666667,1.006606,0.133343
119833,rfMRI_REST1_LR,0.22854527109004738,0.629595,0.226675
120010,rfMRI_REST1_LR,0.0750283625,0.771649,0.06875500000000001
120111,rfMRI_REST1_LR,0.09411935416666667,0.632459,0.0884015
120212,rfMRI_REST1_LR,0.17603597833333334,0.403659,0.171275
120414,rfMRI_REST1_LR,0.10188059166666667,0.684588,0.09582650000000001
120515,rfMRI_REST1_LR,0.17708907166666665,0.417809,0.1820405
120717,rfMRI_REST1_LR,0.16880726083333333,0.721408,0.157937
121315,rfMRI_REST1_LR,0.4043037391666667,12.223962,0.23256
121416,rfMRI_REST1_LR,0.17171925583333333,0.784542,0.1647405
121618,rfMRI_REST1_LR,0.10356508916666667,0.349171,0.09649150000000001
121719,rfMRI_REST1_LR,0.357785985,0.886843,0.342793
121921,rfMRI_REST1_LR,0.20391863833333335,1.757812,0.17715999999999998
122317,rfMRI_REST1_LR,0.15466212666666668,0.924077,0.136351
122418,rfMRI_REST1_LR,0.13140245,1.1568,0.12009500000000001
122620,rfMRI_REST1_LR,0.1154880325,0.323383,0.11340800000000001
122822,rfMRI_REST1_LR,0.17472244916666665,0.473897,0.1690605
123117,rfMRI_REST1_LR,0.27864563999999997,1.935012,0.2729915
123420,rfMRI_REST1_LR,0.2776931025,1.860273,0.23649900000000001
123521,rfMRI_REST1_LR,0.163572865,0.526166,0.1575465
123723,rfMRI_REST1_LR,0.19997846916666667,0.541304,0.194077
123824,rfMRI_REST1_LR,0.19875654916666666,2.056905,0.165344
123925,rfMRI_REST1_LR,0.18084416333333334,1.827555,0.16328150000000002
124220,rfMRI_REST1_LR,0.637830405,2.80148,0.511082
124422,rfMRI_REST1_LR,0.12008102416666666,1.769482,0.10168450000000001
124624,rfMRI_REST1_LR,0.16010829916666666,1.156418,0.143328
124826,rfMRI_REST1_LR,0.1030601025,0.319066,0.098583
125222,rfMRI_REST1_LR,0.11923689666666666,0.690223,0.1131205
125424,rfMRI_REST1_LR,0.16389491583333332,0.599342,0.15467550000000002
125525,rfMRI_REST1_LR,0.18059431416666666,1.307013,0.1605405
126325,rfMRI_REST1_LR,0.2354635275,0.987066,0.22939
126426,rfMRI_REST1_LR,0.2037947275,0.632428,0.192829
126628,rfMRI_REST1_LR,0.20160779583333333,1.136881,0.1885865
127226,rfMRI_REST1_LR,0.13475928166666667,0.440611,0.12637900000000002
127327,rfMRI_REST1_LR,0.19526245916666668,1.5426009999999999,0.156171
127630,rfMRI_REST1_LR,0.209424595,0.794091,0.197581
127731,rfMRI_REST1_LR,0.10339102,0.530031,0.0976275
127832,rfMRI_REST1_LR,0.18439000083333335,0.738784,0.166715
127933,rfMRI_REST1_LR,0.11919624,0.378344,0.103019
128026,rfMRI_REST1_LR,0.1601934975,0.685177,0.14642149999999998
128127,rfMRI_REST1_LR,0.11884287083333334,0.33283,0.111096
128329,rfMRI_REST1_LR,0.25317166166666666,0.612905,0.244895
128632,rfMRI_REST1_LR,0.123720245,0.605952,0.11295150000000001
128935,rfMRI_REST1_LR,0.18116578583333334,1.12052,0.158101
129028,rfMRI_REST1_LR,0.15438793833333334,0.330018,0.15647250000000001
129129,rfMRI_REST1_LR,0.14869277,0.601027,0.1313965
129331,rfMRI_REST1_LR,0.22880449333333333,0.839258,0.21448850000000003
129533,rfMRI_REST1_LR,0.3596054558333333,3.018384,0.317439
129634,rfMRI_REST1_LR,0.09050570416666667,1.494244,0.069648
129937,rfMRI_REST1_LR,0.19228743333333334,0.502948,0.1906165
130013,rfMRI_REST1_LR,0.13676047166666666,0.735606,0.12734499999999999
130114,rfMRI_REST1_LR,0.13544582416666667,0.540191,0.1251835
130316,rfMRI_REST1_LR,0.20322323833333333,0.9499,0.187222
130417,rfMRI_REST1_LR,0.18346070333333334,0.779759,0.169879
130518,rfMRI_REST1_LR,0.22249228083333333,1.078803,0.2251
130619,rfMRI_REST1_LR,0.1026107325,0.326564,0.0962635
130720,rfMRI_REST1_LR,0.15130999166666667,1.336987,0.12363450000000001
130821,rfMRI_REST1_LR,0.19741932916666666,5.091567,0.1480325
130922,rfMRI_REST1_LR,0.14182082833333334,0.390473,0.13664900000000002
131217,rfMRI_REST1_LR,0.13159461833333333,0.488318,0.12124599999999999
131419,rfMRI_REST1_LR,0.1661532,0.785161,0.156427
131722,rfMRI_REST1_LR,0.2156332775,1.298975,0.18668800000000002
131823,rfMRI_REST1_LR,0.11669595083333334,0.372906,0.107627
131924,rfMRI_REST1_LR,0.16552502666666666,0.514546,0.1602375
132017,rfMRI_REST1_LR,0.15001183,1.001157,0.1345945
132118,rfMRI_REST1_LR,0.144181415,1.389589,0.1312145
133019,rfMRI_REST1_LR,0.1536789325,0.728249,0.134074
133625,rfMRI_REST1_LR,0.13278851833333333,0.328692,0.1275705
133827,rfMRI_REST1_LR,0.20121090083333334,0.912855,0.155657
133928,rfMRI_REST1_LR,0.12751979666666666,0.536779,0.1182695
134021,rfMRI_REST1_LR,0.11038390083333334,0.495774,0.10049150000000001
134223,rfMRI_REST1_LR,0.15399165666666667,0.646012,0.15236149999999998
134324,rfMRI_REST1_LR,0.1570241925,2.496191,0.1271855
134425,rfMRI_REST1_LR,0.1667685825,2.469727,0.130539
134627,rfMRI_REST1_LR,0.13258997666666666,0.764314,0.1145645
134728,rfMRI_REST1_LR,0.17285850333333333,0.884247,0.1691525
134829,rfMRI_REST1_LR,0.23350472333333333,1.550032,0.2001135
135124,rfMRI_REST1_LR,0.09326077333333334,0.37718,0.079759
135225,rfMRI_REST1_LR,0.18576494666666668,0.827095,0.16191250000000001
135528,rfMRI_REST1_LR,0.11963387,1.20877,0.107548
135629,rfMRI_REST1_LR,0.12633225583333332,0.720492,0.11544299999999999
135730,rfMRI_REST1_LR,0.15828064166666667,1.322737,0.142148
135932,rfMRI_REST1_LR,0.115340745,0.644646,0.1054055
136126,rfMRI_REST1_LR,0.13285407083333334,0.33143,0.1252575
136227,rfMRI_REST1_LR,0.12530659166666666,0.507414,0.114695
136631,rfMRI_REST1_LR,0.19120520916666667,0.865625,0.1742125
136732,rfMRI_REST1_LR,0.31338093916666665,0.966431,0.3154165
136833,rfMRI_REST1_LR,0.18371967166666667,0.815628,0.172468
137027,rfMRI_REST1_LR,0.0960566525,0.441986,0.089054
137128,rfMRI_REST1_LR,0.17673782,0.921957,0.172267
137229,rfMRI_REST1_LR,0.18082363416666666,0.497439,0.18329600000000001
137431,rfMRI_REST1_LR,0.17251728583333334,1.285639,0.1629455
137532,rfMRI_REST1_LR,0.17224458583333332,1.019963,0.14493850000000003
137633,rfMRI_REST1_LR,0.13631455833333334,0.57783,0.1288045
137936,rfMRI_REST1_LR,0.22970634666666667,4.524951,0.19877650000000002
138130,rfMRI_REST1_LR,0.1354739,0.381064,0.133013
138231,rfMRI_REST1_LR,0.17851137083333332,1.198979,0.16396850000000002
138332,rfMRI_REST1_LR,0.14440182583333333,0.937371,0.1344305
138534,rfMRI_REST1_LR,0.1232181425,0.703597,0.10775000000000001
138837,rfMRI_REST1_LR,0.11813170666666667,0.768808,0.105875
139233,rfMRI_REST1_LR,0.18851113333333333,3.514831,0.187419
139435,rfMRI_REST1_LR,0.25202917583333334,8.729885,0.203773
139637,rfMRI_REST1_LR,0.13787763416666668,0.66075,0.12696449999999998
139839,rfMRI_REST1_LR,0.11274114833333333,0.239868,0.110784
140117,rfMRI_REST1_LR,0.10803619666666667,1.112826,0.098185
140319,rfMRI_REST1_LR,0.1502329525,1.207115,0.1260435
140420,rfMRI_REST1_LR,0.21803116014234875,1.077941,0.18381999999999998
140824,rfMRI_REST1_LR,0.4364660516666667,1.629394,0.3812865
140925,rfMRI_REST1_LR,0.2501981758333333,1.535773,0.244945
141119,rfMRI_REST1_LR,0.20031269916666666,0.890852,0.186124
141422,rfMRI_REST1_LR,0.137526075,0.673409,0.1286145
141826,rfMRI_REST1_LR,0.21990651416666668,0.56874,0.219805
142424,rfMRI_REST1_LR,0.28593133083333333,1.593018,0.27069200000000004
142828,rfMRI_REST1_LR,0.16467127666666667,1.520101,0.1266745
143224,rfMRI_REST1_LR,0.1522767975,0.715534,0.139038
143325,rfMRI_REST1_LR,0.22563939333333333,1.561682,0.20453700000000002
143426,rfMRI_REST1_LR,0.1033846275,0.267126,0.099794
143830,rfMRI_REST1_LR,0.16506534666666667,5.247212,0.12114649999999999
144125,rfMRI_REST1_LR,0.22224947666666667,1.334257,0.2065785
144226,rfMRI_REST1_LR,0.15348492583333334,0.854944,0.135824
144428,rfMRI_REST1_LR,0.22039613666666666,7.603155,0.142543
144731,rfMRI_REST1_LR,0.25453455166666666,2.306937,0.2334735
144832,rfMRI_REST1_LR,0.14376966083333334,0.706946,0.13275399999999998
144933,rfMRI_REST1_LR,0.13720063583333333,0.634438,0.1195175
145127,rfMRI_REST1_LR,0.12436869,0.314964,0.1186475
145531,rfMRI_REST1_LR,0.189546305,1.313674,0.168804
145632,rfMRI_REST1_LR,0.13522206083333332,0.480652,0.131579
145834,rfMRI_REST1_LR,0.121941815,1.243898,0.107737
146129,rfMRI_REST1_LR,0.132028345,0.541011,0.118795
146331,rfMRI_REST1_LR,0.14266683083333334,2.468572,0.11704200000000001
146432,rfMRI_REST1_LR,0.12329618166666667,0.364047,0.1132205
146533,rfMRI_REST1_LR,0.1148131425,0.325809,0.111478
146634,rfMRI_REST1_LR,0.16120572666666666,1.57648,0.153183
146735,rfMRI_REST1_LR,0.1315399675,0.528199,0.1178125
146836,rfMRI_REST1_LR,0.1872657875,1.43383,0.16327049999999999
146937,rfMRI_REST1_LR,0.15634862416666667,0.867857,0.137099
147030,rfMRI_REST1_LR,0.46577813166666665,1.2737289999999999,0.4665515
147636,rfMRI_REST1_LR,0.16139970416666666,1.02976,0.1425775
147737,rfMRI_REST1_LR,0.12911611333333334,0.510813,0.123908
148032,rfMRI_REST1_LR,0.12145670666666666,0.551505,0.11640700000000001
148133,rfMRI_REST1_LR,0.12685766416666666,0.373492,0.117289
148335,rfMRI_REST1_LR,0.17166973416666667,0.547192,0.1605055
148436,rfMRI_REST1_LR,0.20481459666666665,0.697875,0.19866
148840,rfMRI_REST1_LR,0.12422735916666666,0.576878,0.1164
148941,rfMRI_REST1_LR,0.11230180083333334,0.359575,0.106484
149236,rfMRI_REST1_LR,0.11236369083333334,0.330919,0.107413
149337,rfMRI_REST1_LR,0.090190995,1.092113,0.0789435
149539,rfMRI_REST1_LR,0.15875269666666667,1.207002,0.1373765
149741,rfMRI_REST1_LR,0.17656409833333334,2.606355,0.154702
149842,rfMRI_REST1_LR,0.12060605166666667,0.410166,0.1149495
150423,rfMRI_REST1_LR,0.097129615,0.328186,0.089823
150524,rfMRI_REST1_LR,0.13684342583333334,0.40446,0.133865
150625,rfMRI_REST1_LR,0.12485094166666667,2.183838,0.1137755
150726,rfMRI_REST1_LR,0.20410945666666666,0.706904,0.192606
150928,rfMRI_REST1_LR,0.08992470416666666,1.024958,0.0752775
151021,rfMRI_REST1_LR,0.2433141825,3.560524,0.20154450000000002
151223,rfMRI_REST1_LR,0.35968089833333333,0.999084,0.3171205
151324,rfMRI_REST1_LR,0.19116400916666668,0.752572,0.1843505
151425,rfMRI_REST1_LR,0.16152482083333333,0.660291,0.1534695
151526,rfMRI_REST1_LR,0.4403893325,1.317146,0.368329
151627,rfMRI_REST1_LR,0.109341535,0.362473,0.107843
151728,rfMRI_REST1_LR,0.3764949383333333,4.194626,0.2739965
151829,rfMRI_REST1_LR,0.1172301325,0.435518,0.10802500000000001
151930,rfMRI_REST1_LR,0.09638039,0.515912,0.0928005
152225,rfMRI_REST1_LR,0.14179701416666668,0.446939,0.1316735
152427,rfMRI_REST1_LR,0.10920925666666667,1.129716,0.08724799999999999
152831,rfMRI_REST1_LR,0.1440265975,0.452823,0.131685
153025,rfMRI_REST1_LR,0.086726095,0.952521,0.07631299999999999
153126,rfMRI_REST1_LR,0.21335989166666666,0.533337,0.212922
153227,rfMRI_REST1_LR,0.13444814166666666,0.832571,0.1219005
153429,rfMRI_REST1_LR,0.15280298,0.753674,0.14875100000000002
153631,rfMRI_REST1_LR,0.08976842416666667,0.507034,0.083764
153732,rfMRI_REST1_LR,0.19355188416666666,0.829074,0.17663
153833,rfMRI_REST1_LR,0.411558045,1.244519,0.39030750000000003
153934,rfMRI_REST1_LR,0.17904745833333333,0.500455,0.168568
154229,rfMRI_REST1_LR,0.19090659583333333,0.541221,0.1850105
154330,rfMRI_REST1_LR,0.27532270833333333,1.660574,0.2268105
154431,rfMRI_REST1_LR,0.23611186416666666,0.538614,0.2384075
154532,rfMRI_REST1_LR,0.16333249,1.050084,0.1394285
154734,rfMRI_REST1_LR,0.14452490916666666,0.791546,0.1286205
154835,rfMRI_REST1_LR,0.12890472,0.848585,0.1214775
154936,rfMRI_REST1_LR,0.1518548825,0.80622,0.140862
155231,rfMRI_REST1_LR,0.15840131416666667,0.60798,0.1494525
155635,rfMRI_REST1_LR,0.18819534833333335,0.482791,0.17550549999999998
155938,rfMRI_REST1_LR,0.11792719,0.39135,0.1099855
156031,rfMRI_REST1_LR,0.14055939,0.825606,0.131988
156233,rfMRI_REST1_LR,0.21970882166666666,7.524378,0.16135549999999999
156334,rfMRI_REST1_LR,0.14015670666666666,0.39942,0.120501
156435,rfMRI_REST1_LR,0.10599473166666666,0.757357,0.096564
156536,rfMRI_REST1_LR,0.07598992666666667,0.246408,0.0707815
156637,rfMRI_REST1_LR,0.24663016833333334,1.118068,0.2259085
157336,rfMRI_REST1_LR,0.141754305,0.693595,0.1278685
157437,rfMRI_REST1_LR,0.1406652275,0.732379,0.128376
157942,rfMRI_REST1_LR,0.18624409166666667,0.681772,0.17551
158035,rfMRI_REST1_LR,0.1242197,0.279891,0.1193615
158136,rfMRI_REST1_LR,0.1538766775,1.247433,0.1282195
158338,rfMRI_REST1_LR,0.1309965425,0.354006,0.123722
158540,rfMRI_REST1_LR,0.28174405416666665,1.40624,0.2258645
158843,rfMRI_REST1_LR,0.11364752333333333,0.518324,0.098496
159138,rfMRI_REST1_LR,0.39771722666666665,1.505789,0.3274065
159239,rfMRI_REST1_LR,0.14814413333333334,0.430917,0.13836199999999999
159340,rfMRI_REST1_LR,0.2207366375,0.520159,0.2199125
159441,rfMRI_REST1_LR,0.17171839833333333,2.274661,0.151594
159744,rfMRI_REST1_LR,0.15392308666666665,1.62618,0.1156295
159845,rfMRI_REST1_LR,0.2043802875,3.078393,0.176749
159946,rfMRI_REST1_LR,0.12163395416666667,0.471682,0.1160505
160123,rfMRI_REST1_LR,0.13239261083333334,0.692317,0.11638100000000001
160729,rfMRI_REST1_LR,0.12127167416666666,0.611677,0.11172699999999999
160830,rfMRI_REST1_LR,0.217784135,1.888107,0.17020849999999998
161327,rfMRI_REST1_LR,0.28941126666666667,1.584402,0.28767149999999997
161630,rfMRI_REST1_LR,0.17942712583333334,0.473938,0.17275249999999998
161731,rfMRI_REST1_LR,0.1913664425,0.605865,0.1780045
161832,rfMRI_REST1_LR,0.4250954825,2.317975,0.328499
162026,rfMRI_REST1_LR,0.16831634,0.467982,0.166001
162228,rfMRI_REST1_LR,0.12186545,0.379113,0.1174405
162329,rfMRI_REST1_LR,0.24689848166666667,0.827291,0.2213675
162733,rfMRI_REST1_LR,0.13795282166666667,0.426064,0.12667650000000003
162935,rfMRI_REST1_LR,0.14988966583333332,0.702528,0.143815
163129,rfMRI_REST1_LR,0.120963075,0.472649,0.114503
163331,rfMRI_REST1_LR,0.4204738,1.084856,0.4120795
163432,rfMRI_REST1_LR,0.17428619666666667,0.666275,0.16962549999999998
163836,rfMRI_REST1_LR,0.28434397166666664,2.117161,0.290569
164030,rfMRI_REST1_LR,0.09372463833333333,0.379466,0.089061
164131,rfMRI_REST1_LR,0.21985542916666667,1.188698,0.195792
164636,rfMRI_REST1_LR,0.10102341916666667,1.594096,0.08486350000000001
164939,rfMRI_REST1_LR,0.19104875333333332,1.080733,0.1851315
165032,rfMRI_REST1_LR,0.13626860583333333,0.65072,0.121731
165234,rfMRI_REST1_LR,0.36426350916666667,1.087815,0.307966
165436,rfMRI_REST1_LR,0.13135139416666666,0.803654,0.1258865
165638,rfMRI_REST1_LR,0.17914094083333335,1.671666,0.163406
165840,rfMRI_REST1_LR,0.1790011025,1.432307,0.1519165
165941,rfMRI_REST1_LR,0.238617715,0.913151,0.22992200000000002
166438,rfMRI_REST1_LR,0.11483533416666666,0.871107,0.10731299999999999
166640,rfMRI_REST1_LR,0.3044400875,0.764771,0.29503250000000003
167036,rfMRI_REST1_LR,0.10735092583333333,0.903508,0.101439
167238,rfMRI_REST1_LR,0.216738965,1.918114,0.17723699999999998
167440,rfMRI_REST1_LR,0.139810695,0.666485,0.13109949999999998
167743,rfMRI_REST1_LR,0.2061917775,0.884623,0.187266
168139,rfMRI_REST1_LR,0.1653587625,1.544031,0.143346
168240,rfMRI_REST1_LR,0.25618759166666666,0.736014,0.25932049999999995
168341,rfMRI_REST1_LR,0.22784690083333334,1.366808,0.1555855
168745,rfMRI_REST1_LR,0.15230207833333334,0.624043,0.1422015
168947,rfMRI_REST1_LR,0.117778225,0.62922,0.1149965
169040,rfMRI_REST1_LR,0.23238631666666668,4.230086,0.175693
169141,rfMRI_REST1_LR,0.1300991475,0.473154,0.1216285
169343,rfMRI_REST1_LR,0.16070827083333333,0.538944,0.15526250000000003
169444,rfMRI_REST1_LR,0.15594315833333333,0.401403,0.14794000000000002
169545,rfMRI_REST1_LR,0.11648036916666667,0.445196,0.108325
169747,rfMRI_REST1_LR,0.1972574775,0.630499,0.185014
169949,rfMRI_REST1_LR,0.14269776583333332,0.511221,0.1316445
170631,rfMRI_REST1_LR,0.19628203,0.582348,0.179794
170934,rfMRI_REST1_LR,0.15196063333333334,0.444734,0.14582650000000003
171128,rfMRI_REST1_LR,0.19379829166666668,1.719725,0.1807935
171330,rfMRI_REST1_LR,0.15057606083333333,0.968042,0.14180500000000001
171431,rfMRI_REST1_LR,0.28543711916666664,7.04111,0.2206415
171532,rfMRI_REST1_LR,0.470665015,2.686259,0.3269985
171633,rfMRI_REST1_LR,0.19437673333333333,1.202346,0.182749
171734,rfMRI_REST1_LR,0.21012188166666668,0.69848,0.204781
172029,rfMRI_REST1_LR,0.16237845083333333,1.005552,0.15417750000000002
172130,rfMRI_REST1_LR,0.09285396083333333,0.451776,0.087452
172332,rfMRI_REST1_LR,0.17102963416666667,0.876257,0.16808800000000002
172433,rfMRI_REST1_LR,0.11757506583333334,0.638883,0.107427
172534,rfMRI_REST1_LR,0.1012743125,0.588248,0.089934
172635,rfMRI_REST1_LR,0.0923244275,0.292289,0.0863515
172938,rfMRI_REST1_LR,0.22469446916666666,1.769398,0.218798
173132,rfMRI_REST1_LR,0.20073235166666667,1.332766,0.1825595
173334,rfMRI_REST1_LR,0.12545851583333334,0.552124,0.112767
173435,rfMRI_REST1_LR,0.09455040333333334,0.268441,0.0913525
173536,rfMRI_REST1_LR,0.126927235,0.520177,0.11773249999999999
173637,rfMRI_REST1_LR,0.19470755,1.163815,0.1779655
173738,rfMRI_REST1_LR,0.15516266,0.760581,0.12282950000000001
173839,rfMRI_REST1_LR,0.13832450916666666,0.550989,0.13251649999999998
173940,rfMRI_REST1_LR,0.11244277833333333,0.425008,0.1076435
174437,rfMRI_REST1_LR,0.113620025,0.521479,0.105166
174841,rfMRI_REST1_LR,0.13828712583333333,1.578906,0.118214
175035,rfMRI_REST1_LR,0.23680847916666667,0.747341,0.22814600000000002
175136,rfMRI_REST1_LR,0.145918135,0.513101,0.137156
175237,rfMRI_REST1_LR,0.14677401916666666,2.863729,0.11683199999999999
175338,rfMRI_REST1_LR,0.16502760583333334,1.549981,0.127286
175439,rfMRI_REST1_LR,0.2744553141666667,0.891014,0.2707205
175540,rfMRI_REST1_LR,0.16426124166666667,1.400345,0.128042
175742,rfMRI_REST1_LR,0.13262763083333334,1.223581,0.1237865
176037,rfMRI_REST1_LR,0.14045727,0.466881,0.13245600000000002
176239,rfMRI_REST1_LR,0.3301692308333333,1.499153,0.29369
176441,rfMRI_REST1_LR,0.13037042666666668,1.375047,0.114516
176542,rfMRI_REST1_LR,0.118915135,0.836712,0.1073605
176744,rfMRI_REST1_LR,0.09956577083333333,0.567665,0.0894645
176845,rfMRI_REST1_LR,0.16952962666666666,0.725402,0.16755799999999998
177140,rfMRI_REST1_LR,0.13197159833333333,0.344754,0.1296975
177241,rfMRI_REST1_LR,0.1518650975,0.799807,0.13178800000000002
177342,rfMRI_REST1_LR,0.1878635825,3.840989,0.1044345
177645,rfMRI_REST1_LR,0.0886076125,0.295703,0.0841805
177746,rfMRI_REST1_LR,0.09956831583333334,0.298651,0.0943665
178142,rfMRI_REST1_LR,0.11304101666666666,0.576425,0.1073615
178243,rfMRI_REST1_LR,0.16732801,0.47575,0.160437
178647,rfMRI_REST1_LR,0.22076781333333334,0.934317,0.200541
178748,rfMRI_REST1_LR,0.16405818916666667,2.969468,0.09636900000000001
178849,rfMRI_REST1_LR,0.11678120166666667,0.511074,0.106263
178950,rfMRI_REST1_LR,0.14076016166666666,0.460331,0.12957800000000003
179245,rfMRI_REST1_LR,0.14939013166666668,0.434893,0.13802350000000002
179346,rfMRI_REST1_LR,0.12876460083333333,1.8048,0.110655
179952,rfMRI_REST1_LR,0.27836331583333335,2.156869,0.260758
180129,rfMRI_REST1_LR,0.28813581416666667,0.598192,0.284879
180230,rfMRI_REST1_LR,0.12244164666666667,0.485921,0.11942749999999999
180432,rfMRI_REST1_LR,0.14684079666666666,0.630414,0.1388305
180533,rfMRI_REST1_LR,0.11975991583333333,0.400146,0.1149525
180735,rfMRI_REST1_LR,0.17135904833333335,0.56477,0.154253
180836,rfMRI_REST1_LR,0.23152901083333333,0.712905,0.228329
180937,rfMRI_REST1_LR,0.14692027833333332,0.479444,0.1304115
181131,rfMRI_REST1_LR,0.20068997416666667,0.701029,0.199691
181232,rfMRI_REST1_LR,0.10089344916666666,0.607115,0.096112
181636,rfMRI_REST1_LR,0.42161007333333334,8.54974,0.20670650000000002
182032,rfMRI_REST1_LR,0.10428860416666667,0.294754,0.10139999999999999
182436,rfMRI_REST1_LR,0.28834122916666666,1.495982,0.2576045
182739,rfMRI_REST1_LR,0.17472172333333333,0.745985,0.167869
182840,rfMRI_REST1_LR,0.14954477333333333,2.731762,0.1091655
183034,rfMRI_REST1_LR,0.11858331916666667,0.344414,0.1138615
183337,rfMRI_REST1_LR,0.6316555258333333,1.948391,0.5492825
183741,rfMRI_REST1_LR,0.14664258583333334,0.547471,0.13130150000000002
185038,rfMRI_REST1_LR,0.12337135583333333,0.780943,0.10548350000000001
185139,rfMRI_REST1_LR,0.17124378666666668,0.600992,0.15844750000000002
185341,rfMRI_REST1_LR,0.17755495083333334,1.455929,0.168016
185442,rfMRI_REST1_LR,0.14425872583333332,1.201105,0.13840550000000001
185846,rfMRI_REST1_LR,0.11515809,1.056651,0.095772
185947,rfMRI_REST1_LR,0.15367170666666666,0.402344,0.1449455
186040,rfMRI_REST1_LR,0.11644203666666667,0.79732,0.10392950000000001
186141,rfMRI_REST1_LR,0.15982355916666666,1.870754,0.142716
186444,rfMRI_REST1_LR,0.12159265083333333,0.613741,0.1078195
186545,rfMRI_REST1_LR,0.11566223666666667,0.74255,0.105297
186848,rfMRI_REST1_LR,0.1671520975,0.589173,0.157292
186949,rfMRI_REST1_LR,0.1396866312364425,0.651965,0.131426
187143,rfMRI_REST1_LR,0.15699902333333332,0.817693,0.1470555
187345,rfMRI_REST1_LR,0.08427833,0.251833,0.0772255
187547,rfMRI_REST1_LR,0.12303193,1.608067,0.108925
187850,rfMRI_REST1_LR,0.1824663775,1.209721,0.16151100000000002
188145,rfMRI_REST1_LR,0.21687677583333334,0.536971,0.2115795
188347,rfMRI_REST1_LR,0.13995196916666666,0.505593,0.1312275
188448,rfMRI_REST1_LR,0.08585652666666667,0.249822,0.0817165
188549,rfMRI_REST1_LR,0.12222770083333333,0.767401,0.109491
188751,rfMRI_REST1_LR,0.29193545583333336,1.6593,0.22035100000000002
189349,rfMRI_REST1_LR,0.1097830725,0.368616,0.1050475
189450,rfMRI_REST1_LR,0.16993176833333334,1.94079,0.1492585
189652,rfMRI_REST1_LR,0.13573862083333332,0.502699,0.12321599999999999
190031,rfMRI_REST1_LR,0.14173286833333335,1.732045,0.1313225
191033,rfMRI_REST1_LR,0.12524984416666668,0.367898,0.118174
191235,rfMRI_REST1_LR,0.18851132166666668,0.725192,0.1655665
191336,rfMRI_REST1_LR,0.11526726833333334,0.905797,0.09495100000000001
191437,rfMRI_REST1_LR,0.32992077416666665,0.843447,0.3219555
191841,rfMRI_REST1_LR,0.1934529475,0.788686,0.1794265
191942,rfMRI_REST1_LR,0.11082702833333333,0.512643,0.10605
192035,rfMRI_REST1_LR,0.10406724,0.284748,0.1003125
192136,rfMRI_REST1_LR,0.10095436083333334,0.667271,0.0926855
192237,rfMRI_REST1_LR,0.14513326666666668,0.668497,0.137964
192439,rfMRI_REST1_LR,0.18656970166666667,0.925948,0.168694
192540,rfMRI_REST1_LR,0.12092194916666667,0.548776,0.103701
192641,rfMRI_REST1_LR,0.121041095,0.513423,0.1153575
192843,rfMRI_REST1_LR,0.11139221166666667,0.416041,0.102313
193239,rfMRI_REST1_LR,0.15635230666666666,0.62076,0.146477
193441,rfMRI_REST1_LR,0.3941626266666667,1.249884,0.3335475
193845,rfMRI_REST1_LR,0.12293245416666666,0.601763,0.111941
194140,rfMRI_REST1_LR,0.1502145875,1.445857,0.13930900000000002
194443,rfMRI_REST1_LR,0.1670403175,0.448729,0.155929
194645,rfMRI_REST1_LR,0.080898785,0.287618,0.0755555
194746,rfMRI_REST1_LR,0.130728505,0.501099,0.12800499999999998
194847,rfMRI_REST1_LR,0.20852435166666666,0.881962,0.20384
195041,rfMRI_REST1_LR,0.1263425425,0.38576,0.12141550000000001
195445,rfMRI_REST1_LR,0.1343345875,0.470039,0.12632149999999998
195647,rfMRI_REST1_LR,0.1992012125,1.344875,0.201076
195849,rfMRI_REST1_LR,0.14994488916666668,0.430045,0.143199
195950,rfMRI_REST1_LR,0.113204495,0.334789,0.104963
196144,rfMRI_REST1_LR,0.1635822125,0.678041,0.1574025
196346,rfMRI_REST1_LR,0.14663281,1.179265,0.125907
196750,rfMRI_REST1_LR,0.25053167833333334,1.309581,0.2323065
196851,rfMRI_REST1_LR,0.22344857666666668,0.663235,0.20498
196952,rfMRI_REST1_LR,0.11489406,0.437207,0.111306
197348,rfMRI_REST1_LR,0.2838709525,1.439527,0.28794200000000003
197550,rfMRI_REST1_LR,0.11726585583333334,0.631762,0.1095015
197651,rfMRI_REST1_LR,0.15911480416666668,1.494189,0.1326065
198047,rfMRI_REST1_LR,0.14802888416666668,0.654737,0.1349225
198249,rfMRI_REST1_LR,0.2678803675,1.105111,0.2376945
198350,rfMRI_REST1_LR,0.21391801,1.648095,0.180581
198451,rfMRI_REST1_LR,0.1471922825,2.09137,0.1340115
198653,rfMRI_REST1_LR,0.11846540916666666,0.860072,0.1082105
198855,rfMRI_REST1_LR,0.1397270275,0.718931,0.09980649999999999
199150,rfMRI_REST1_LR,0.236907555,1.067317,0.2257815
199251,rfMRI_REST1_LR,0.18226247416666666,0.930318,0.1620845
199352,rfMRI_REST1_LR,0.20348408916666666,0.539603,0.18409799999999998
199453,rfMRI_REST1_LR,0.1206099275,0.661064,0.108904
199655,rfMRI_REST1_LR,0.12018358333333333,0.766392,0.107353
199958,rfMRI_REST1_LR,0.1632704625,0.787453,0.14262799999999998
200008,rfMRI_REST1_LR,0.20781097416666666,0.620695,0.202242
200109,rfMRI_REST1_LR,0.094678715,0.440444,0.086005
200210,rfMRI_REST1_LR,0.11491847083333333,0.704226,0.103738
200311,rfMRI_REST1_LR,0.13936835,0.37456,0.130695
200513,rfMRI_REST1_LR,0.10967411916666667,0.925573,0.09506049999999999
200614,rfMRI_REST1_LR,0.1708460875,0.554149,0.16709600000000002
200917,rfMRI_REST1_LR,0.15277419,0.409479,0.144755
201111,rfMRI_REST1_LR,0.09968509583333333,3.152314,0.0890905
201414,rfMRI_REST1_LR,0.27136104666666666,3.444188,0.2206005
201515,rfMRI_REST1_LR,0.2545935675,2.212996,0.1798865
201717,rfMRI_REST1_LR,0.07884767833333334,0.211559,0.074195
201818,rfMRI_REST1_LR,0.1212119725,0.335437,0.1144965
202113,rfMRI_REST1_LR,0.1955448175,1.046398,0.1696675
202719,rfMRI_REST1_LR,0.11567351,0.414234,0.1125945
202820,rfMRI_REST1_LR,0.18736282333333334,1.51029,0.1647595
203418,rfMRI_REST1_LR,0.1121554,0.339306,0.10482549999999999
203923,rfMRI_REST1_LR,0.19881820083333335,3.319501,0.1591685
204016,rfMRI_REST1_LR,0.17714519833333334,0.779591,0.1632995
204218,rfMRI_REST1_LR,0.15676555416666665,0.34784,0.1532115
204319,rfMRI_REST1_LR,0.14320988833333334,0.400302,0.1330865
204420,rfMRI_REST1_LR,0.104642585,0.796897,0.09332599999999999
204521,rfMRI_REST1_LR,0.13896201666666666,0.616364,0.139491
204622,rfMRI_REST1_LR,0.16275598666666666,0.427282,0.158706
205119,rfMRI_REST1_LR,0.14864717833333332,1.305596,0.1233505
205220,rfMRI_REST1_LR,0.43846914666666664,1.473224,0.3453775
205725,rfMRI_REST1_LR,0.14944501416666667,1.156321,0.1322145
205826,rfMRI_REST1_LR,0.16844974833333334,1.203758,0.148088
206222,rfMRI_REST1_LR,0.13344188666666668,0.578172,0.1171475
206323,rfMRI_REST1_LR,0.21957127416666666,0.616864,0.2021015
206525,rfMRI_REST1_LR,0.13170558583333333,0.6375,0.11010249999999999
206727,rfMRI_REST1_LR,0.22644069666666666,0.766429,0.1999245
206828,rfMRI_REST1_LR,0.133191265,1.010575,0.1235835
206929,rfMRI_REST1_LR,0.1891747,1.659278,0.1682785
207123,rfMRI_REST1_LR,0.28447221083333335,2.12992,0.2183545
207426,rfMRI_REST1_LR,0.2773272025,0.86993,0.2654395
208024,rfMRI_REST1_LR,0.20028050666666666,0.511123,0.193527
208125,rfMRI_REST1_LR,0.11004664166666667,0.451376,0.10273850000000001
208226,rfMRI_REST1_LR,0.1647924025,0.778183,0.1563875
208327,rfMRI_REST1_LR,0.106519665,0.369867,0.10032150000000001
208428,rfMRI_REST1_LR,0.3723622458333333,8.504263,0.203057
208630,rfMRI_REST1_LR,0.22545689,2.369921,0.1883455
209127,rfMRI_REST1_LR,0.22546284583333334,0.698272,0.213565
209228,rfMRI_REST1_LR,0.12722651833333334,0.695467,0.119037
209329,rfMRI_REST1_LR,0.12986483333333335,0.37333,0.125999
209531,rfMRI_REST1_LR,0.14109030833333333,0.476306,0.1235745
209834,rfMRI_REST1_LR,0.30953806166666664,1.515894,0.306406
209935,rfMRI_REST1_LR,0.09722390916666666,1.913664,0.0790725
210011,rfMRI_REST1_LR,0.080571215,0.987052,0.0736845
210112,rfMRI_REST1_LR,0.12117480166666666,0.83558,0.1109555
210415,rfMRI_REST1_LR,0.15991381083333334,0.715348,0.15304099999999998
210617,rfMRI_REST1_LR,0.15759706583333333,0.492217,0.151593
211114,rfMRI_REST1_LR,0.16743815333333334,0.716812,0.16027550000000002
211215,rfMRI_REST1_LR,0.11801788083333334,0.336787,0.10041800000000001
211316,rfMRI_REST1_LR,0.15140913,0.613639,0.1361435
211417,rfMRI_REST1_LR,0.106031535,0.306933,0.1009565
211619,rfMRI_REST1_LR,0.13852044833333332,1.471599,0.1154175
211720,rfMRI_REST1_LR,0.2888447608333333,2.194575,0.2335295
211821,rfMRI_REST1_LR,0.12004450916666666,0.321039,0.11489150000000001
211922,rfMRI_REST1_LR,0.13409217083333333,1.13375,0.11556150000000001
212015,rfMRI_REST1_LR,0.1300092575,1.209732,0.12126100000000001
212116,rfMRI_REST1_LR,0.2206947625,0.681735,0.214001
212217,rfMRI_REST1_LR,0.28853779333333335,1.844778,0.28479049999999995
212318,rfMRI_REST1_LR,0.21180786166666668,0.602947,0.2128355
212419,rfMRI_REST1_LR,0.1451597175,0.498294,0.1207075
212823,rfMRI_REST1_LR,0.14671578083333334,0.708172,0.13840249999999998
213017,rfMRI_REST1_LR,0.17901812916666668,0.849308,0.1528875
213421,rfMRI_REST1_LR,0.21988434833333334,0.97167,0.197495
213522,rfMRI_REST1_LR,0.109092465,0.33926,0.10398550000000001
214019,rfMRI_REST1_LR,0.18037200833333333,0.441296,0.180612
214221,rfMRI_REST1_LR,0.18575756583333333,1.775913,0.14724749999999998
214423,rfMRI_REST1_LR,0.17495651583333333,1.337277,0.15539550000000002
214524,rfMRI_REST1_LR,0.12013308083333334,0.861337,0.116224
214625,rfMRI_REST1_LR,0.11561091583333333,0.450209,0.1089785
214726,rfMRI_REST1_LR,0.14688884583333334,1.547538,0.12214
217126,rfMRI_REST1_LR,0.12615574166666665,2.037546,0.08965999999999999
217429,rfMRI_REST1_LR,0.1358413625,0.565982,0.1159225
219231,rfMRI_REST1_LR,0.140399835,0.601064,0.129952
220721,rfMRI_REST1_LR,0.12833901333333333,0.914176,0.11586750000000001
221218,rfMRI_REST1_LR,0.25566483,0.653237,0.2455975
221319,rfMRI_REST1_LR,0.20132799833333334,0.556751,0.192612
223929,rfMRI_REST1_LR,0.3553349375,3.152185,0.2622395
224022,rfMRI_REST1_LR,0.24993942916666667,0.614621,0.24461
227432,rfMRI_REST1_LR,0.19352107416666667,2.218329,0.166959
227533,rfMRI_REST1_LR,0.11256505,0.341459,0.10779549999999999
228434,rfMRI_REST1_LR,0.19781989833333333,1.830753,0.1713105
231928,rfMRI_REST1_LR,0.16460401,1.651111,0.1435525
233326,rfMRI_REST1_LR,0.41772906,2.704183,0.326998
236130,rfMRI_REST1_LR,0.125099495,0.441434,0.121116
237334,rfMRI_REST1_LR,0.13660719083333334,0.404562,0.130181
238033,rfMRI_REST1_LR,0.10864753666666667,0.731834,0.097979
239136,rfMRI_REST1_LR,0.20074913,0.651339,0.185616
239944,rfMRI_REST1_LR,0.0963980825,0.587909,0.089537
245333,rfMRI_REST1_LR,0.097050785,0.86935,0.09055150000000001
246133,rfMRI_REST1_LR,0.17583884,1.094595,0.15602149999999998
248339,rfMRI_REST1_LR,0.08984585166666667,0.636461,0.0800585
249947,rfMRI_REST1_LR,0.1391206125,0.617656,0.128808
250427,rfMRI_REST1_LR,0.30908719,0.790992,0.3124265
250932,rfMRI_REST1_LR,0.09460140083333334,0.785761,0.08706649999999999
251833,rfMRI_REST1_LR,0.1514652,0.374321,0.14808349999999998
255639,rfMRI_REST1_LR,0.11548060666666667,0.493739,0.1077925
255740,rfMRI_REST1_LR,0.0844150725,0.599678,0.0776805
256540,rfMRI_REST1_LR,0.12666634083333334,0.387935,0.119834
257542,rfMRI_REST1_LR,0.13849278333333334,0.887314,0.1328195
257845,rfMRI_REST1_LR,0.14962410083333333,0.669386,0.1316295
257946,rfMRI_REST1_LR,0.1409328425,0.507732,0.1302795
263436,rfMRI_REST1_LR,0.14035092916666667,1.057074,0.1225125
268749,rfMRI_REST1_LR,0.16349704,0.519187,0.15474300000000002
268850,rfMRI_REST1_LR,0.1569773325,0.398966,0.1502305
270332,rfMRI_REST1_LR,0.10284960083333333,0.867187,0.089533
274542,rfMRI_REST1_LR,0.12213902333333333,0.381541,0.112655
275645,rfMRI_REST1_LR,0.14102456666666666,0.665658,0.133229
280739,rfMRI_REST1_LR,0.2009446475,0.813123,0.19319799999999998
280941,rfMRI_REST1_LR,0.14401492916666667,0.360655,0.14236900000000002
281135,rfMRI_REST1_LR,0.14705187833333333,0.846468,0.1297655
283543,rfMRI_REST1_LR,0.1939205925,0.72017,0.1728405
284646,rfMRI_REST1_LR,0.18662348861480077,1.586514,0.153668
285345,rfMRI_REST1_LR,0.09988455833333333,0.453021,0.09248300000000001
285446,rfMRI_REST1_LR,0.09959365083333334,0.434373,0.09236
286347,rfMRI_REST1_LR,0.12949893083333333,0.578146,0.116733
286650,rfMRI_REST1_LR,0.14653208583333333,0.498139,0.1441305
287248,rfMRI_REST1_LR,0.1848745375,0.727712,0.1630925
289555,rfMRI_REST1_LR,0.123382595,0.491635,0.1148525
290136,rfMRI_REST1_LR,0.22600718833333333,0.782654,0.2132615
293748,rfMRI_REST1_LR,0.2200071325,2.420337,0.2173135
295146,rfMRI_REST1_LR,0.2983101725,1.2825820000000001,0.29694600000000004
297655,rfMRI_REST1_LR,0.1524603475,0.727364,0.140027
298051,rfMRI_REST1_LR,0.25811198583333334,0.724184,0.248631
298455,rfMRI_REST1_LR,0.186953035,3.395088,0.15647850000000002
299154,rfMRI_REST1_LR,0.14082766583333334,1.992617,0.1193065
299760,rfMRI_REST1_LR,0.18110881333333334,0.928355,0.1511905
300618,rfMRI_REST1_LR,0.0901418175,0.292766,0.0878415
300719,rfMRI_REST1_LR,0.14626874583333332,0.910778,0.1379745
303119,rfMRI_REST1_LR,0.16488409916666666,1.445777,0.151068
303624,rfMRI_REST1_LR,0.24561201666666665,2.804581,0.2179235
304020,rfMRI_REST1_LR,0.21088473083333334,0.793277,0.187938
304727,rfMRI_REST1_LR,0.1807272525,0.587118,0.1677315
305830,rfMRI_REST1_LR,0.16900264583333333,0.452991,0.1683925
307127,rfMRI_REST1_LR,0.17582895333333334,0.639712,0.16816799999999998
308129,rfMRI_REST1_LR,0.174474185,1.149045,0.1485495
308331,rfMRI_REST1_LR,0.2165143975,0.704553,0.2085415
309636,rfMRI_REST1_LR,0.113221095,0.468617,0.1108185
310621,rfMRI_REST1_LR,0.1240547125,5.726678,0.107146
311320,rfMRI_REST1_LR,0.38722695333333335,1.033732,0.3753385
314225,rfMRI_REST1_LR,0.20021624416666667,0.822222,0.1902685
316633,rfMRI_REST1_LR,0.11278316916666667,1.951435,0.09904550000000001
316835,rfMRI_REST1_LR,0.11733860916666666,0.836177,0.1088675
317332,rfMRI_REST1_LR,0.13570645666666667,0.7267,0.122252
318637,rfMRI_REST1_LR,0.1419872425,0.550266,0.131293
320826,rfMRI_REST1_LR,0.251619255,4.151952,0.2014065
321323,rfMRI_REST1_LR,0.1386323625,0.548652,0.13237949999999998
322224,rfMRI_REST1_LR,0.1009940375,0.421224,0.09348200000000001
325129,rfMRI_REST1_LR,0.12132838416666666,1.048697,0.09870100000000001
329440,rfMRI_REST1_LR,0.16626898416666666,1.213502,0.14721800000000002
329844,rfMRI_REST1_LR,0.1689357525,0.638593,0.155086
330324,rfMRI_REST1_LR,0.14229099,0.588366,0.135537
333330,rfMRI_REST1_LR,0.12425359916666667,0.522002,0.1157
334635,rfMRI_REST1_LR,0.20610350666666666,0.971077,0.197906
336841,rfMRI_REST1_LR,0.11265859916666666,0.465837,0.104701
339847,rfMRI_REST1_LR,0.17857109583333333,0.489927,0.1795385
341834,rfMRI_REST1_LR,0.11300219916666666,0.426476,0.108021
342129,rfMRI_REST1_LR,0.21901221916666666,1.047382,0.2013675
346137,rfMRI_REST1_LR,0.2572110525,0.710907,0.245871
346945,rfMRI_REST1_LR,0.18827470083333334,0.717423,0.1790655
348545,rfMRI_REST1_LR,0.17397183416666667,0.708303,0.15437800000000002
349244,rfMRI_REST1_LR,0.14523769666666667,1.648084,0.1106285
350330,rfMRI_REST1_LR,0.11523743333333333,0.383629,0.10785800000000001
352132,rfMRI_REST1_LR,0.20104395083333335,1.097709,0.177098
352738,rfMRI_REST1_LR,0.08891013416666667,0.433256,0.0812615
353740,rfMRI_REST1_LR,0.12108635416666666,0.282323,0.11911
355239,rfMRI_REST1_LR,0.22941845583333334,0.511367,0.2374945
356948,rfMRI_REST1_LR,0.14592791416666667,1.535873,0.1319175
358144,rfMRI_REST1_LR,0.16302451916666666,1.108588,0.15192499999999998
360030,rfMRI_REST1_LR,0.15331728166666667,0.800365,0.1392315
361234,rfMRI_REST1_LR,0.1103299125,0.437523,0.10435900000000001
361941,rfMRI_REST1_LR,0.11377640666666666,1.007529,0.089326
362034,rfMRI_REST1_LR,0.49020223583333333,3.559912,0.4052345
365343,rfMRI_REST1_LR,0.10524495583333333,0.393333,0.0965605
366042,rfMRI_REST1_LR,0.13675763416666667,0.64721,0.128944
366446,rfMRI_REST1_LR,0.4044961725,1.793923,0.306292
368551,rfMRI_REST1_LR,0.18946527,0.562618,0.16699799999999998
368753,rfMRI_REST1_LR,0.18513504333333333,0.623727,0.18171700000000002
371843,rfMRI_REST1_LR,0.20191329166666666,1.631299,0.17804150000000002
376247,rfMRI_REST1_LR,0.13400234666666666,0.57462,0.1209945
377451,rfMRI_REST1_LR,0.11870696833333333,1.467379,0.1047815
378756,rfMRI_REST1_LR,0.29437200916666667,1.023947,0.2874445
378857,rfMRI_REST1_LR,0.15420585166666667,0.466459,0.147622
379657,rfMRI_REST1_LR,0.12467081166666667,0.909863,0.1116375
380036,rfMRI_REST1_LR,0.14679487333333333,0.470759,0.13673249999999998
381038,rfMRI_REST1_LR,0.196848085,0.905571,0.170261
381543,rfMRI_REST1_LR,0.12955753583333332,0.703164,0.120721
382242,rfMRI_REST1_LR,0.2960550633333333,0.829694,0.26392550000000004
385046,rfMRI_REST1_LR,0.09898860666666667,0.859007,0.095929
385450,rfMRI_REST1_LR,0.201153315,1.249221,0.19674999999999998
386250,rfMRI_REST1_LR,0.11778189833333333,0.338615,0.11094699999999999
387959,rfMRI_REST1_LR,0.17031686916666666,0.941693,0.1578685
389357,rfMRI_REST1_LR,0.16848356916666668,0.391266,0.165959
390645,rfMRI_REST1_LR,0.18652553833333332,1.183775,0.16935899999999998
391748,rfMRI_REST1_LR,0.14452705416666667,0.338435,0.1408795
392447,rfMRI_REST1_LR,0.44399116,1.150789,0.4092025
392750,rfMRI_REST1_LR,0.11972269333333334,0.91434,0.105834
393247,rfMRI_REST1_LR,0.18601855916666665,0.467984,0.180008
393550,rfMRI_REST1_LR,0.14941665833333334,0.971417,0.13683050000000002
394956,rfMRI_REST1_LR,0.104264715,0.520268,0.09627350000000001
395251,rfMRI_REST1_LR,0.14191957416666667,0.497251,0.1403795
395756,rfMRI_REST1_LR,0.1019845825,0.298591,0.0945295
395958,rfMRI_REST1_LR,0.3048680933333333,1.108142,0.26636099999999996
397154,rfMRI_REST1_LR,0.1160347,0.905062,0.1073105
397760,rfMRI_REST1_LR,0.16727350333333332,0.435122,0.1577015
397861,rfMRI_REST1_LR,0.2806171708333333,0.922872,0.26566599999999996
401422,rfMRI_REST1_LR,0.13364119166666666,1.481761,0.130806
406432,rfMRI_REST1_LR,0.15879745916666665,0.891851,0.1513385
406836,rfMRI_REST1_LR,0.17066220583333333,0.66647,0.161173
412528,rfMRI_REST1_LR,0.10960744,0.381289,0.1030925
413934,rfMRI_REST1_LR,0.10458462416666667,0.995752,0.09311849999999999
414229,rfMRI_REST1_LR,0.16998797083333334,0.597786,0.1563925
415837,rfMRI_REST1_LR,0.12400836083333333,0.4265,0.11495649999999999
419239,rfMRI_REST1_LR,0.20652230416666667,2.419518,0.187295
421226,rfMRI_REST1_LR,0.14701897833333333,1.17292,0.123082
422632,rfMRI_REST1_LR,0.22313184666666666,0.5766,0.2132755
424939,rfMRI_REST1_LR,0.12318079833333333,0.5484,0.109906
429040,rfMRI_REST1_LR,0.12425761666666667,0.306768,0.1176915
432332,rfMRI_REST1_LR,0.1618118725,1.792547,0.1255905
433839,rfMRI_REST1_LR,0.2680361275,1.683528,0.2396965
436239,rfMRI_REST1_LR,0.11720289583333333,0.340864,0.11394099999999999
436845,rfMRI_REST1_LR,0.1390595225,0.954046,0.13321899999999998
441939,rfMRI_REST1_LR,0.11572615,0.668247,0.102799
445543,rfMRI_REST1_LR,0.14947597916666666,0.793718,0.13752599999999998
448347,rfMRI_REST1_LR,0.1087663575,0.713786,0.102433
449753,rfMRI_REST1_LR,0.18153918583333334,6.566691,0.1498985
453441,rfMRI_REST1_LR,0.16264769916666666,0.562547,0.151167
453542,rfMRI_REST1_LR,0.48976240416666666,1.600447,0.4507145
454140,rfMRI_REST1_LR,0.2020920825,1.585285,0.182572
456346,rfMRI_REST1_LR,0.22657777333333334,0.705605,0.21860000000000002
459453,rfMRI_REST1_LR,0.1375023175,0.486235,0.128811
461743,rfMRI_REST1_LR,0.11684284916666667,0.352379,0.113189
463040,rfMRI_REST1_LR,0.1187917275,0.891079,0.110463
465852,rfMRI_REST1_LR,0.47331936166666666,3.17606,0.396972
467351,rfMRI_REST1_LR,0.188120685,0.701392,0.16824
468050,rfMRI_REST1_LR,0.3473648525,1.957249,0.33672250000000004
469961,rfMRI_REST1_LR,0.1192915475,0.331601,0.116684
473952,rfMRI_REST1_LR,0.17487606916666668,5.34089,0.145128
475855,rfMRI_REST1_LR,0.15645697833333333,1.354946,0.140606
479762,rfMRI_REST1_LR,0.114113245,0.445866,0.103135
480141,rfMRI_REST1_LR,0.1130204,1.098104,0.10037750000000001
481042,rfMRI_REST1_LR,0.12064442916666666,0.528836,0.1114145
481951,rfMRI_REST1_LR,0.1303968825,0.605121,0.1126595
485757,rfMRI_REST1_LR,0.2112365975,0.739307,0.17049199999999998
486759,rfMRI_REST1_LR,0.13095184416666666,0.43801,0.1242195
492754,rfMRI_REST1_LR,0.2019203,0.744084,0.1939205
495255,rfMRI_REST1_LR,0.22601227083333333,0.81343,0.209356
497865,rfMRI_REST1_LR,0.1002449725,1.216544,0.0771375
499566,rfMRI_REST1_LR,0.13291616833333333,0.434051,0.1272815
500222,rfMRI_REST1_LR,0.1051192475,0.429374,0.095939
506234,rfMRI_REST1_LR,0.12176828166666667,1.060545,0.112465
510225,rfMRI_REST1_LR,0.12342473,0.3225,0.12134249999999999
510326,rfMRI_REST1_LR,0.12598337583333333,0.927823,0.1138345
512835,rfMRI_REST1_LR,0.25047018083333333,0.76339,0.2342145
513130,rfMRI_REST1_LR,0.12602867583333333,0.710027,0.1147205
513736,rfMRI_REST1_LR,0.1494039375,1.079465,0.13312649999999998
516742,rfMRI_REST1_LR,0.14685263,0.951802,0.13467099999999999
517239,rfMRI_REST1_LR,0.19152536166666667,1.288716,0.1610385
518746,rfMRI_REST1_LR,0.20733495166666666,0.560548,0.2079765
519647,rfMRI_REST1_LR,0.21419378,0.688719,0.2007545
519950,rfMRI_REST1_LR,0.1947348425,2.384715,0.182282
520228,rfMRI_REST1_LR,0.12299766416666667,0.449033,0.1122865
521331,rfMRI_REST1_LR,0.08628004583333333,0.696851,0.0803295
522434,rfMRI_REST1_LR,0.14390834166666666,0.352165,0.140149
523032,rfMRI_REST1_LR,0.16605706166666667,1.590227,0.122646
524135,rfMRI_REST1_LR,0.09563846416666667,0.88484,0.089585
525541,rfMRI_REST1_LR,0.16459977583333332,0.551435,0.15706900000000001
529549,rfMRI_REST1_LR,0.1277717275,0.460464,0.1199165
529953,rfMRI_REST1_LR,0.1055504525,0.330786,0.100584
530635,rfMRI_REST1_LR,0.15225883083333333,0.587671,0.13154
531536,rfMRI_REST1_LR,0.12522403,0.508704,0.117828
531940,rfMRI_REST1_LR,0.14121198333333335,0.57036,0.1253765
536647,rfMRI_REST1_LR,0.17171421416666666,3.538951,0.151464
540436,rfMRI_REST1_LR,0.120264665,0.518453,0.109342
541640,rfMRI_REST1_LR,0.08315042166666667,0.238947,0.08025750000000001
541943,rfMRI_REST1_LR,0.15424051,0.396655,0.160449
545345,rfMRI_REST1_LR,0.10085327333333333,0.291324,0.096567
547046,rfMRI_REST1_LR,0.11904204583333333,1.020152,0.107011
548250,rfMRI_REST1_LR,0.11576011583333333,0.865255,0.09922
549757,rfMRI_REST1_LR,0.30497655333333334,0.71048,0.296016
550439,rfMRI_REST1_LR,0.20796123416666668,1.116396,0.182074
552241,rfMRI_REST1_LR,0.23136473416666667,1.456172,0.212863
552544,rfMRI_REST1_LR,0.09108859,0.257278,0.086044
553344,rfMRI_REST1_LR,0.10855758166666667,0.413254,0.1018445
555348,rfMRI_REST1_LR,0.2891774775,1.072593,0.2762365
555651,rfMRI_REST1_LR,0.16504743166666666,1.029447,0.149642
555954,rfMRI_REST1_LR,0.1508119375,0.630837,0.1419415
557857,rfMRI_REST1_LR,0.1294371125,1.740325,0.10463700000000001
558657,rfMRI_REST1_LR,0.18071749333333334,0.864577,0.1580185
558960,rfMRI_REST1_LR,0.16975212666666667,0.59692,0.15612900000000002
559053,rfMRI_REST1_LR,0.1832827125,0.979987,0.1738255
559457,rfMRI_REST1_LR,0.14888994,0.913928,0.125546
561242,rfMRI_REST1_LR,0.14286516833333332,0.764596,0.1255175
561444,rfMRI_REST1_LR,0.18224521916666667,1.056533,0.165447
561949,rfMRI_REST1_LR,0.117371155,0.937307,0.1071975
562345,rfMRI_REST1_LR,0.39127792083333335,0.951751,0.396173
562446,rfMRI_REST1_LR,0.16942797166666668,0.554784,0.1560915
565452,rfMRI_REST1_LR,0.16515028833333334,0.512096,0.15381
566454,rfMRI_REST1_LR,0.18794288333333334,0.596145,0.1893475
567052,rfMRI_REST1_LR,0.10766659083333334,0.290261,0.103115
567759,rfMRI_REST1_LR,0.15155416583333334,1.263061,0.138933
567961,rfMRI_REST1_LR,0.12107243916666667,0.350988,0.11479600000000001
568963,rfMRI_REST1_LR,0.08693806666666666,0.372327,0.08183299999999999
570243,rfMRI_REST1_LR,0.12851727583333333,0.421188,0.12815
571144,rfMRI_REST1_LR,0.0966183275,0.68243,0.0905185
571548,rfMRI_REST1_LR,0.17942312333333332,2.116094,0.163548
572045,rfMRI_REST1_LR,0.12841542083333332,0.96177,0.11245050000000001
573249,rfMRI_REST1_LR,0.11440665166666666,0.332742,0.1058525
573451,rfMRI_REST1_LR,0.11907076833333333,0.543345,0.107297
576255,rfMRI_REST1_LR,0.2731580908333333,0.671756,0.27725849999999996
578057,rfMRI_REST1_LR,0.18641961666666668,0.853779,0.18433149999999998
578158,rfMRI_REST1_LR,0.097112385,1.237914,0.08580950000000001
579665,rfMRI_REST1_LR,0.24680702666666668,2.203312,0.18898500000000001
579867,rfMRI_REST1_LR,0.10923577833333334,0.447895,0.1072235
580044,rfMRI_REST1_LR,0.19251461916666668,1.565921,0.1821365
580347,rfMRI_REST1_LR,0.17393851,1.480634,0.156059
580650,rfMRI_REST1_LR,0.18818024166666666,0.499625,0.1832705
580751,rfMRI_REST1_LR,0.21307763833333335,2.595289,0.16224850000000002
581349,rfMRI_REST1_LR,0.15402290583333333,0.475491,0.149365
581450,rfMRI_REST1_LR,0.08284082,0.436656,0.071742
583858,rfMRI_REST1_LR,0.1090037425,0.615825,0.09262100000000001
585256,rfMRI_REST1_LR,0.25428910666666665,0.883686,0.21473799999999998
585862,rfMRI_REST1_LR,0.17304665583333334,0.596612,0.16131
586460,rfMRI_REST1_LR,0.11735185666666667,0.311476,0.115792
587664,rfMRI_REST1_LR,0.13517336416666667,1.459611,0.1257135
588565,rfMRI_REST1_LR,0.11649343833333334,0.355814,0.1103555
589567,rfMRI_REST1_LR,0.17928167,0.596901,0.1649815
590047,rfMRI_REST1_LR,0.21344315166666666,4.875139,0.164737
592455,rfMRI_REST1_LR,0.24512822166666667,1.106533,0.240314
594156,rfMRI_REST1_LR,0.12081984416666666,0.488569,0.117475
597869,rfMRI_REST1_LR,0.13626230916666668,0.795342,0.12841049999999998
598568,rfMRI_REST1_LR,0.162237605,1.306428,0.1286285
599065,rfMRI_REST1_LR,0.07805137333333333,0.198213,0.07531550000000001
599469,rfMRI_REST1_LR,0.18450763416666666,0.818981,0.1724405
599671,rfMRI_REST1_LR,0.17082006583333334,6.116642,0.1284115
601127,rfMRI_REST1_LR,0.1698814175,0.615618,0.1554145
604537,rfMRI_REST1_LR,0.18743006,4.302658,0.1258795
609143,rfMRI_REST1_LR,0.4494388833333333,3.298136,0.39256599999999997
611938,rfMRI_REST1_LR,0.15156368666666667,1.161137,0.125367
613235,rfMRI_REST1_LR,0.15629753083333334,0.679039,0.1447835
613538,rfMRI_REST1_LR,0.21047612083333334,0.772669,0.1928165
614439,rfMRI_REST1_LR,0.1502576975,1.609335,0.1337055
615441,rfMRI_REST1_LR,0.21365734833333333,0.55646,0.196855
615744,rfMRI_REST1_LR,0.10686261749999999,0.272221,0.1049325
616645,rfMRI_REST1_LR,0.13529838,0.393135,0.13217099999999998
617748,rfMRI_REST1_LR,0.18748376833333333,0.499378,0.1822435
618952,rfMRI_REST1_LR,0.15456063,0.942316,0.146227
620434,rfMRI_REST1_LR,0.1139999475,1.766055,0.099993
622236,rfMRI_REST1_LR,0.11923540916666667,0.486144,0.11263899999999999
623137,rfMRI_REST1_LR,0.149624455,0.467826,0.148492
623844,rfMRI_REST1_LR,0.12462226666666666,0.600939,0.115137
626648,rfMRI_REST1_LR,0.09684930166666667,0.252035,0.09584999999999999
627549,rfMRI_REST1_LR,0.1487375275,0.341274,0.1483245
627852,rfMRI_REST1_LR,0.1188132275,1.618353,0.104376
628248,rfMRI_REST1_LR,0.1248024325,0.328164,0.121843
633847,rfMRI_REST1_LR,0.22802805416666666,0.598478,0.22977550000000002
634748,rfMRI_REST1_LR,0.16043459916666666,0.821755,0.15138800000000002
635245,rfMRI_REST1_LR,0.1761552825,0.506348,0.16730450000000002
638049,rfMRI_REST1_LR,0.14778791916666667,0.456549,0.14089200000000002
644044,rfMRI_REST1_LR,0.20394523916666665,7.235732,0.137895
644246,rfMRI_REST1_LR,0.139901575,0.593887,0.13606200000000002
645450,rfMRI_REST1_LR,0.1302342225,0.453953,0.119007
645551,rfMRI_REST1_LR,0.13119913666666666,0.371592,0.1206725
647858,rfMRI_REST1_LR,0.13444668583333333,0.772498,0.12698500000000001
654350,rfMRI_REST1_LR,0.12943201833333334,0.439562,0.126436
654552,rfMRI_REST1_LR,0.15742956,0.405276,0.15823
654754,rfMRI_REST1_LR,0.1250364675,0.433715,0.124139
656253,rfMRI_REST1_LR,0.12246385666666666,0.428973,0.1124165
656657,rfMRI_REST1_LR,0.14933302666666667,0.773538,0.142598
657659,rfMRI_REST1_LR,0.10549941833333333,0.407366,0.09716549999999999
660951,rfMRI_REST1_LR,0.1245517175,0.403473,0.119699
662551,rfMRI_REST1_LR,0.21693885166666665,2.167477,0.178933
663755,rfMRI_REST1_LR,0.11430165583333333,0.460759,0.1071365
664757,rfMRI_REST1_LR,0.16188268333333333,1.269459,0.138086
665254,rfMRI_REST1_LR,0.1342690475,0.569154,0.127436
667056,rfMRI_REST1_LR,0.18429581333333334,1.22683,0.17294150000000003
668361,rfMRI_REST1_LR,0.12397887916666667,1.01402,0.10692650000000001
671855,rfMRI_REST1_LR,0.2602265008333333,1.340737,0.238205
672756,rfMRI_REST1_LR,0.19694509166666666,0.584795,0.18364000000000003
673455,rfMRI_REST1_LR,0.18109225416666666,2.565573,0.1379675
675661,rfMRI_REST1_LR,0.15301044416666668,0.436327,0.1431985
677766,rfMRI_REST1_LR,0.185589125,0.549237,0.179076
677968,rfMRI_REST1_LR,0.19785498333333335,1.16123,0.1830205
679568,rfMRI_REST1_LR,0.09085093333333333,0.292961,0.08764050000000001
679770,rfMRI_REST1_LR,0.10716065083333333,0.405579,0.0998225
680250,rfMRI_REST1_LR,0.26092612416666666,0.895003,0.24001
680452,rfMRI_REST1_LR,0.18176132,1.21478,0.15231699999999998
680957,rfMRI_REST1_LR,0.30109306166666666,1.46149,0.2747615
683256,rfMRI_REST1_LR,0.16991055166666666,0.6062,0.164292
685058,rfMRI_REST1_LR,0.1402612525,0.557103,0.1297595
686969,rfMRI_REST1_LR,0.2780455333333333,1.083178,0.26780349999999997
687163,rfMRI_REST1_LR,0.17736277833333333,2.436665,0.14852700000000002
688569,rfMRI_REST1_LR,0.19305225333333334,2.34385,0.164248
689470,rfMRI_REST1_LR,0.1936761825,0.430779,0.195401
690152,rfMRI_REST1_LR,0.13215602083333333,0.528691,0.1191745
692964,rfMRI_REST1_LR,0.13935833333333333,0.855519,0.127818
693764,rfMRI_REST1_LR,0.1364156125,0.552187,0.1244715
694362,rfMRI_REST1_LR,0.14696906916666666,0.705081,0.1415945
695768,rfMRI_REST1_LR,0.22778309,0.898474,0.221092
698168,rfMRI_REST1_LR,0.28789847,0.945998,0.2718035
700634,rfMRI_REST1_LR,0.16121830666666667,2.130262,0.113916
701535,rfMRI_REST1_LR,0.12823027583333332,0.967188,0.1176935
702133,rfMRI_REST1_LR,0.2675926458333333,3.707325,0.182575
704238,rfMRI_REST1_LR,0.10507989416666666,0.368287,0.09262100000000001
705341,rfMRI_REST1_LR,0.1464142025,0.383532,0.132297
706040,rfMRI_REST1_LR,0.2553790558333333,1.386684,0.212185
707749,rfMRI_REST1_LR,0.2650128475,3.83019,0.1883865
709551,rfMRI_REST1_LR,0.120896365,0.389604,0.1159685
713239,rfMRI_REST1_LR,0.2608264241666667,0.986719,0.25768749999999996
715041,rfMRI_REST1_LR,0.17602865333333334,0.435144,0.1703615
715647,rfMRI_REST1_LR,0.15759550833333333,0.903775,0.1293765
715950,rfMRI_REST1_LR,0.14074286333333333,0.431925,0.131148
720337,rfMRI_REST1_LR,0.11729226166666666,0.667147,0.105462
723141,rfMRI_REST1_LR,0.1029714225,0.312532,0.0959
724446,rfMRI_REST1_LR,0.12948182833333333,0.699906,0.12472
725751,rfMRI_REST1_LR,0.14100730416666668,1.843132,0.12935950000000002
727553,rfMRI_REST1_LR,0.161544,3.360754,0.12793949999999998
727654,rfMRI_REST1_LR,0.19440605583333334,0.671735,0.19120700000000002
728454,rfMRI_REST1_LR,0.11896899333333333,0.373846,0.1105955
729254,rfMRI_REST1_LR,0.105499155,0.660423,0.0988045
729557,rfMRI_REST1_LR,0.14366431916666667,0.617202,0.1282555
731140,rfMRI_REST1_LR,0.12370532833333334,0.367879,0.1188585
732243,rfMRI_REST1_LR,0.1700026425,0.607344,0.1587125
734045,rfMRI_REST1_LR,0.134878015,1.824982,0.111248
734247,rfMRI_REST1_LR,0.15477587916666666,0.667392,0.146932
735148,rfMRI_REST1_LR,0.20185794833333334,0.866725,0.1699915
737960,rfMRI_REST1_LR,0.09154848416666667,0.463734,0.08583099999999999
742549,rfMRI_REST1_LR,0.21234232833333333,0.843011,0.187969
744553,rfMRI_REST1_LR,0.15113487666666667,0.905056,0.13277650000000002
748258,rfMRI_REST1_LR,0.1584643425,0.398066,0.149472
748662,rfMRI_REST1_LR,0.35586885166666665,5.504296,0.2974795
749058,rfMRI_REST1_LR,0.08698181,0.381181,0.0810245
749361,rfMRI_REST1_LR,0.11208663666666667,0.745712,0.1026865
751348,rfMRI_REST1_LR,0.17726273833333334,0.642495,0.166321
751550,rfMRI_REST1_LR,0.09422751083333333,0.287024,0.0866175
753150,rfMRI_REST1_LR,0.08899697166666666,0.619827,0.0832395
753251,rfMRI_REST1_LR,0.21539311,1.981008,0.1995155
756055,rfMRI_REST1_LR,0.16089016666666667,0.996469,0.150907
757764,rfMRI_REST1_LR,0.102895985,0.380643,0.092356
759869,rfMRI_REST1_LR,0.137770545,0.50596,0.12127199999999999
760551,rfMRI_REST1_LR,0.21589353166666667,0.573529,0.20379350000000002
761957,rfMRI_REST1_LR,0.1870348125,1.554458,0.183139
763557,rfMRI_REST1_LR,0.1715660325,0.768879,0.149067
765056,rfMRI_REST1_LR,0.174097785,2.104538,0.14965499999999998
765864,rfMRI_REST1_LR,0.13547630833333332,0.358919,0.1318625
766563,rfMRI_REST1_LR,0.163841295,4.169808,0.11761949999999999
767464,rfMRI_REST1_LR,0.13980662916666667,0.38975,0.13176149999999998
769064,rfMRI_REST1_LR,0.13382883083333333,0.459132,0.1304715
770352,rfMRI_REST1_LR,0.1622813175,2.243669,0.1397985
771354,rfMRI_REST1_LR,0.1520563875,0.478909,0.144201
773257,rfMRI_REST1_LR,0.15185859166666665,0.498119,0.14191
774663,rfMRI_REST1_LR,0.11464016083333334,0.298979,0.107325
779370,rfMRI_REST1_LR,0.2801916033333333,1.204145,0.266283
782561,rfMRI_REST1_LR,0.13482388166666667,0.461,0.1258185
783462,rfMRI_REST1_LR,0.13682518166666666,0.491704,0.1317305
784565,rfMRI_REST1_LR,0.16354078666666666,0.561926,0.15111999999999998
786569,rfMRI_REST1_LR,0.49067583416666666,6.658017,0.357563
788674,rfMRI_REST1_LR,0.15808135666666667,0.618482,0.155379
788876,rfMRI_REST1_LR,0.25620653,1.367253,0.26220699999999997
789373,rfMRI_REST1_LR,0.12673227,0.549637,0.11486450000000001
792564,rfMRI_REST1_LR,0.12837890583333333,0.556801,0.1185705
792766,rfMRI_REST1_LR,0.19285813333333332,1.032568,0.16846899999999998
792867,rfMRI_REST1_LR,0.306599315,1.534214,0.225851
793465,rfMRI_REST1_LR,0.18320889666666668,1.097412,0.16744599999999998
800941,rfMRI_REST1_LR,0.1419490525,1.352679,0.134271
802844,rfMRI_REST1_LR,0.2597449125,1.338293,0.250918
803240,rfMRI_REST1_LR,0.13607353166666666,0.818809,0.125043
804646,rfMRI_REST1_LR,0.23334987416666667,1.5016,0.2184755
809252,rfMRI_REST1_LR,0.21230123583333332,0.549772,0.209927
810439,rfMRI_REST1_LR,0.14684446833333334,0.405314,0.1442205
810843,rfMRI_REST1_LR,0.22021491166666668,1.890929,0.177841
812746,rfMRI_REST1_LR,0.13870412666666668,2.778358,0.1003375
814548,rfMRI_REST1_LR,0.15379725583333334,0.965134,0.138682
814649,rfMRI_REST1_LR,0.16339953833333334,1.350212,0.1366835
815247,rfMRI_REST1_LR,0.1535323275,1.026309,0.1395555
816653,rfMRI_REST1_LR,0.13131699666666666,0.311715,0.1262075
818455,rfMRI_REST1_LR,0.20345112833333334,0.547972,0.1998975
818859,rfMRI_REST1_LR,0.15881825833333332,0.45666,0.15289599999999998
820745,rfMRI_REST1_LR,0.10467445916666666,0.438,0.0980235
822244,rfMRI_REST1_LR,0.15304044916666668,1.409723,0.142626
825048,rfMRI_REST1_LR,0.12481545333333334,0.552961,0.1230995
825553,rfMRI_REST1_LR,0.184396375,1.025277,0.1687235
825654,rfMRI_REST1_LR,0.17147539166666667,0.864641,0.1641045
826353,rfMRI_REST1_LR,0.15041226583333334,0.76347,0.1403885
826454,rfMRI_REST1_LR,0.12920109666666665,1.978682,0.1185345
827052,rfMRI_REST1_LR,0.14977126166666666,0.913268,0.12603350000000002
828862,rfMRI_REST1_LR,0.15227712833333334,0.916824,0.13473400000000002
832651,rfMRI_REST1_LR,0.17518969083333333,0.497146,0.16400700000000001
833148,rfMRI_REST1_LR,0.08694141916666667,0.37411,0.07947
833249,rfMRI_REST1_LR,0.34044781416666664,0.973184,0.28159999999999996
835657,rfMRI_REST1_LR,0.13234327916666666,0.719933,0.118285
837560,rfMRI_REST1_LR,0.09292304166666666,0.246719,0.0883745
837964,rfMRI_REST1_LR,0.27333294333333336,1.021429,0.24002800000000002
841349,rfMRI_REST1_LR,0.11513768916666667,0.590891,0.1084475
843151,rfMRI_REST1_LR,0.1638750075,0.525212,0.13562400000000002
844961,rfMRI_REST1_LR,0.10055511916666666,0.278378,0.0977535
845458,rfMRI_REST1_LR,0.1511681275,0.422632,0.13869599999999999
849264,rfMRI_REST1_LR,0.16633054583333334,0.522941,0.15711399999999998
849971,rfMRI_REST1_LR,0.1125005275,0.487917,0.1047315
852455,rfMRI_REST1_LR,0.1293989775,0.372616,0.1212125
856463,rfMRI_REST1_LR,0.16118360666666667,0.568397,0.1592
856766,rfMRI_REST1_LR,0.18043759333333334,0.755525,0.1711205
856968,rfMRI_REST1_LR,0.17554274333333333,0.961469,0.163677
857263,rfMRI_REST1_LR,0.14575871583333333,0.600975,0.14462399999999997
859671,rfMRI_REST1_LR,0.23375499916666667,1.381165,0.2237025
861456,rfMRI_REST1_LR,0.15945082166666666,0.591343,0.1538135
865363,rfMRI_REST1_LR,0.18175652666666667,1.594269,0.149829
867468,rfMRI_REST1_LR,0.19865144083333333,1.445913,0.169111
869472,rfMRI_REST1_LR,0.32627614916666664,3.693841,0.238297
870861,rfMRI_REST1_LR,0.08553676916666667,0.719137,0.074388
871762,rfMRI_REST1_LR,0.12982125333333333,0.47566,0.120648
871964,rfMRI_REST1_LR,0.1136723525,1.122965,0.09606999999999999
872158,rfMRI_REST1_LR,0.18955359666666666,0.765385,0.1737205
872562,rfMRI_REST1_LR,0.11859248,0.503411,0.116384
872764,rfMRI_REST1_LR,0.16701297666666667,0.417365,0.1604585
873968,rfMRI_REST1_LR,0.14401856083333334,0.732367,0.125218
877168,rfMRI_REST1_LR,0.234291935,0.899804,0.2220335
877269,rfMRI_REST1_LR,0.1340301225,1.054452,0.118863
878776,rfMRI_REST1_LR,0.13883610333333332,0.866942,0.1244205
878877,rfMRI_REST1_LR,0.11142692083333333,0.790403,0.10176850000000001
880157,rfMRI_REST1_LR,0.0968149375,0.963038,0.08772150000000001
882161,rfMRI_REST1_LR,0.15812576750000001,1.723623,0.1513115
884064,rfMRI_REST1_LR,0.1268568475,0.429667,0.122641
885975,rfMRI_REST1_LR,0.17836697833333334,0.83174,0.15562700000000002
886674,rfMRI_REST1_LR,0.10748285166666667,1.360918,0.1010955
887373,rfMRI_REST1_LR,0.10906879833333333,0.502655,0.09678149999999999
888678,rfMRI_REST1_LR,0.13780454833333333,0.886099,0.126503
889579,rfMRI_REST1_LR,0.2137869775,0.662031,0.2003375
891667,rfMRI_REST1_LR,0.151733405,0.788399,0.1415555
894067,rfMRI_REST1_LR,0.16534930916666668,0.598343,0.15133649999999998
894673,rfMRI_REST1_LR,0.14057629416666667,0.777728,0.12578899999999998
894774,rfMRI_REST1_LR,0.17393886916666668,0.7496,0.172815
896778,rfMRI_REST1_LR,0.22920030416666667,1.470369,0.1840925
896879,rfMRI_REST1_LR,0.112245255,0.561516,0.1054075
898176,rfMRI_REST1_LR,0.24851838666666667,1.024514,0.214249
899885,rfMRI_REST1_LR,0.10322334333333333,0.405834,0.0950025
901038,rfMRI_REST1_LR,0.33321736416666664,4.506384,0.224131
901139,rfMRI_REST1_LR,0.17092478083333335,1.15485,0.1552925
901442,rfMRI_REST1_LR,0.11743727833333334,0.350461,0.11131450000000001
902242,rfMRI_REST1_LR,0.11001062333333333,2.630405,0.0929845
904044,rfMRI_REST1_LR,0.12434855083333334,0.321923,0.122641
905147,rfMRI_REST1_LR,0.115742645,2.198861,0.099794
907656,rfMRI_REST1_LR,0.21268854416666666,1.41689,0.187541
908860,rfMRI_REST1_LR,0.11104970166666667,0.36322,0.1023535
910241,rfMRI_REST1_LR,0.17629248333333333,1.046026,0.166067
910443,rfMRI_REST1_LR,0.11130131416666666,0.491479,0.10190550000000001
911849,rfMRI_REST1_LR,0.1435986425,0.622844,0.12856050000000002
912447,rfMRI_REST1_LR,0.131365125,1.642977,0.1150665
917255,rfMRI_REST1_LR,0.1010253575,0.462564,0.09526
917558,rfMRI_REST1_LR,0.13516906666666667,0.724337,0.1245515
919966,rfMRI_REST1_LR,0.27944269083333334,1.32623,0.286974
922854,rfMRI_REST1_LR,0.2239527975,0.76477,0.2321125
923755,rfMRI_REST1_LR,0.21076371416666667,0.965559,0.2031335
926862,rfMRI_REST1_LR,0.1581648375,0.714904,0.148036
927359,rfMRI_REST1_LR,0.13226480833333334,0.326593,0.1311785
929464,rfMRI_REST1_LR,0.1762844525,0.628713,0.1717235
930449,rfMRI_REST1_LR,0.15446281333333334,0.547268,0.145876
932554,rfMRI_REST1_LR,0.1066830675,0.551963,0.1008065
933253,rfMRI_REST1_LR,0.18818558916666667,0.559576,0.18254900000000002
937160,rfMRI_REST1_LR,0.243390785,0.724767,0.228269
942658,rfMRI_REST1_LR,0.13512872666666667,0.431044,0.1303935
943862,rfMRI_REST1_LR,0.14970947416666666,0.454871,0.138494
947668,rfMRI_REST1_LR,0.3298233975,2.828205,0.270497
951457,rfMRI_REST1_LR,0.17564882916666666,1.469397,0.1588805
952863,rfMRI_REST1_LR,0.15818074583333333,0.493219,0.1491655
953764,rfMRI_REST1_LR,0.15568455083333332,0.440241,0.15029350000000002
955465,rfMRI_REST1_LR,0.16202129916666666,0.549586,0.1576775
957974,rfMRI_REST1_LR,0.08949493583333333,0.310057,0.078211
958976,rfMRI_REST1_LR,0.11322581666666667,0.651396,0.084814
959574,rfMRI_REST1_LR,0.097083815,0.318431,0.091894
962058,rfMRI_REST1_LR,0.18120999166666665,1.455564,0.136324
965367,rfMRI_REST1_LR,0.10467941083333333,0.69167,0.08935000000000001
965771,rfMRI_REST1_LR,0.23962846416666667,0.963674,0.212289
966975,rfMRI_REST1_LR,0.10694369666666667,0.533137,0.09292700000000001
969476,rfMRI_REST1_LR,0.11500619166666666,0.28121,0.1096805
970764,rfMRI_REST1_LR,0.16574415833333334,0.866874,0.1446975
971160,rfMRI_REST1_LR,0.149454315,0.439106,0.140176
972566,rfMRI_REST1_LR,0.20603591416666667,0.467361,0.202619
973770,rfMRI_REST1_LR,0.1594884825,0.440866,0.153304
978578,rfMRI_REST1_LR,0.18913241,0.794878,0.18353550000000002
979984,rfMRI_REST1_LR,0.20005541083333334,0.542638,0.1858985
983773,rfMRI_REST1_LR,0.12015320166666667,0.325107,0.11401649999999999
984472,rfMRI_REST1_LR,0.145393915,0.770265,0.13214199999999998
987074,rfMRI_REST1_LR,0.10574504166666666,0.866946,0.089183
987983,rfMRI_REST1_LR,0.112848635,0.302327,0.108252
989987,rfMRI_REST1_LR,0.1388356125,1.044116,0.13019550000000002
990366,rfMRI_REST1_LR,0.1727956325,0.48179,0.165339
991267,rfMRI_REST1_LR,0.14339148416666667,0.90311,0.128474
992673,rfMRI_REST1_LR,0.11149267166666667,0.966659,0.101249
992774,rfMRI_REST1_LR,0.11931430333333333,0.652849,0.105245
993675,rfMRI_REST1_LR,0.140384045,0.378768,0.13942300000000002
994273,rfMRI_REST1_LR,0.208613695,1.932668,0.1862645
996782,rfMRI_REST1_LR,0.12247583333333334,0.467283,0.1144185
